accuracy,roc_auc,precision,recall,f1,tn,fp,fn,tp
0.523696682464455,0.5745283018867924,0.5662650602409639,0.22169811320754718,0.31864406779661014,174,36,165,47
