{
  "roc_auc": 0.9667492098785648,
  "confusion_matrix": [
    [
      3431,
      292
    ],
    [
      331,
      2474
    ]
  ],
  "classification_report": {
    "0.0": {
      "precision": 0.9120148856990963,
      "recall": 0.9215686274509803,
      "f1-score": 0.9167668670674682,
      "support": 3723.0
    },
    "1.0": {
      "precision": 0.8944323933477947,
      "recall": 0.8819964349376114,
      "f1-score": 0.8881708849398672,
      "support": 2805.0
    },
    "accuracy": 0.9045649509803921,
    "macro avg": {
      "precision": 0.9032236395234454,
      "recall": 0.9017825311942959,
      "f1-score": 0.9024688760036677,
      "support": 6528.0
    },
    "weighted avg": {
      "precision": 0.9044599085168963,
      "recall": 0.9045649509803921,
      "f1-score": 0.9044795309970146,
      "support": 6528.0
    }
  }
}